Yoncalla,,,,,,
Yamhill,,,,,,
Yachats,,,,,,
Woodburn,,,,,,
Wood Village,,,,,,
Winston,,,,,,
Wilsonville,,,,,,
Willamina,,,,,,
Wheeler,,,,,,
Weston,,,,,,
Westfir,,,,,,
West Linn,,,,,,
Waterloo,,,,,,
Wasco,,,,,,
Warrenton,,,,,,
Wallowa,,,,,,
Waldport,,,,,,
Vernonia,,,,,,
Veneta,,,,,,
Vale,,,,,,
Unity,,,,,,
Union,,,,,,
Umatilla,,,,,,
Ukiah,,,,,,
Turner,,,,,,
Tualatin,,,,,,
Troutdale,,,,,,
Toledo,,,,,,
Tillamook,,,,,,
Tigard,,,,,,
The Dalles,,,,,,
Tangent,,,,,,
Talent,,,,,,
Sweet Home,,,,,,
Sutherlin,,,,,,
Sumpter,,,,,,
Summerville,,,,,,
Sublimity,,,,,,
Stayton,,,,,,
Stanfield,,,,,,
St. Paul,,,,,,
St. Helens,,,,,,
Springfield,,,,,,
Spray,,,,,,
Sodaville,,,,,,
Sisters,,,,,,
Silverton,,,,,,
Siletz,,,,,,
Sherwood,,,,,,
Sheridan,,,,,,
Shaniko,,,,,,
Shady Cove,,,,,,
Seneca,,,,,,
Seaside,,,,,,
Scotts Mills,,,,,,
Scio,,,,,,
Scappoose,,,,,,
Sandy,,,,,,
Salem,,,,,,
Rufus,,,,,,
Roseburg ,,,,,,
Rogue River,,,,,,
Rockaway Beach,,,,,,
Rivergrove,,,,,,
Riddle,,,,,,
Richland,,,,,,
Reedsport,,,,,,
Redmond,,,,,,
Rainier,,,,,,
Prineville ,,,,,,
Prescott,,,,,,
Prairie City,,,,,,
Powers,,,,,,
Portland ,,,,,,
Port Orford,,,,,,
Pilot Rock,,,,,,
Phoenix,,,,,,
Philomath,,,,,,
Pendleton ,,,,,,
Paisley,,,,,,
Oregon City ,,,,,,
Ontario,,,,,,
Oakridge,,,,,,
Oakland,,,,,,
Nyssa,,,,,,
North Powder,,,,,,
North Plains,,,,,,
North Bend,,,,,,
Newport ,,,,,,
Newberg,,,,,,
Nehalem,,,,,,
Myrtle Point,,,,,,
Myrtle Creek,,,,,,
Mt. Angel,,,,,,
Mount Vernon,,,,,,
Mosier,,,,,,
Moro ,,,,,,
Monument,,,,,,
Monroe,,,,,,
Monmouth,,,,,,
Molalla,,,,,,
Mitchell,,,,,,
Milwaukie,,,,,,
Milton-Freewater,,,,,,
Millersburg,,,,,,
Mill City,,,,,,
Metolius,,,,,,
Merrill,,,,,,
Medford ,,,,,,
McMinnville ,,,,,,
Maywood Park,,,,,,
Maupin,,,,,,
Manzanita,,,,,,
Malin,,,,,,
Madras ,,,,,,
Lyons,,,,,,
Lowell,,,,,,
Lostine,,,,,,
Long Creek,,,,,,
Lonerock,,,,,,
Lincoln City,,,,,,
Lexington,,,,,,
Lebanon,,,,,,
Lakeview ,,,,,,
Lakeside,,,,,,
Lake Oswego,,,,,,
Lafayette,,,,,,
La Pine,,,,,,
La Grande ,,,,,,
Klamath Falls ,,,,,,
King City,,,,,,
Keizer,,,,,,
Junction City,,,,,,
Joseph,,,,,,
Jordan Valley,,,,,,
Johnson City,,,,,,
John Day,,,,,,
Jefferson,,,,,,
Jacksonville,,,,,,
Island City,,,,,,
Irrigon,,,,,,
Ione,,,,,,
Independence,,,,,,
Imbler,,,,,,
Idanha,,,,,,
Huntington,,,,,,
Hubbard,,,,,,
Hood River ,,,,,,
Hines,,,,,,
Hillsboro ,,,,,,
Hermiston,,,,,,
Heppner ,,,,,,
Helix,,,,,,
Harrisburg,,,,,,
Happy Valley,,,,,,
Halsey,,,,,,
Halfway,,,,,,
Haines,,,,,,
Gresham,,,,,,
Greenhorn,,,,,,
Grass Valley,,,,,,
Grants Pass ,,,,,,
Granite,,,,,,
Gold Hill,,,,,,
Gold Beach ,,,,,,
Glendale,,,,,,
Gladstone,,,,,,
Gervais,,,,,,
Gearhart,,,,,,
Gates,,,,,,
Gaston,,,,,,
Garibaldi,,,,,,
Fossil ,,,,,,
Forest Grove,,,,,,
Florence,,,,,,
Falls City,,,,,,
Fairview,,,,,,
Eugene ,,,,,,
Estacada,,,,,,
Enterprise ,,,,,,
Elkton,,,,,,
Elgin,,,,,,
Echo,,,,,,
Eagle Point,,,,,,
Durham,,,,,,
Dunes City,,,,,,
Dundee,,,,,,
Dufur,,,,,,
Drain,,,,,,
Donald,,,,,,
Detroit,,,,,,
Depoe Bay,,,,,,
Dayville,,,,,,
Dayton,,,,,,
Dallas ,,,,,,
Culver,,,,,,
Creswell,,,,,,
Cove,,,,,,
Cottage Grove,,,,,,
Corvallis ,,,,,,
Cornelius,,,,,,
Coquille ,,,,,,
Coos Bay,,,,,,
Condon ,,,,,,
Columbia City,,,,,,
Coburg,,,,,,
Clatskanie,,,,,,
Chiloquin,,,,,,
Central Point,,,,,,
Cave Junction,,,,,,
Cascade Locks,,,,,,
Carlton,,,,,,
Canyonville,,,,,,
Canyon City ,,,,,,
Cannon Beach,,,,,,
Canby,,,,,,
Butte Falls,,,,,,
Burns ,,,,,,
Brownsville,,,,,,
Brookings,,,,,,
Bonanza,,,,,,
Boardman,,,,,,
Bend ,,,,,,
Beaverton,,,,,,
Bay City,,,,,,
Barlow,,,,,,
Banks,,,,,,
Bandon,,,,,,
Baker City ,,,,,,
Aurora,,,,,,
Aumsville,,,,,,
Athena,,,,,,
Astoria ,,,,,,
Ashland,,,,,,
Arlington,,,,,,
Antelope,,,,,,
Amity,,,,,,
Albany ,,,,,,
Adrian,,,,,,
Adams,,,,,,
Adair Village,,,,,,